<?xml version="1.0" encoding="UTF-8"?>
<application id="Application_1077125442441" version="1.4" 
xmlns="http://java.sun.com/xml/ns/j2ee" 
xmlns:xsi="http://www.w3.org/2001/XMLSchema-instance" 
xsi:schemaLocation="http://java.sun.com/xml/ns/j2ee http://java.sun.com/xml/ns/j2ee/application_1_4.xsd">

	<description>MAXIMO MEA</description>
	<display-name>MAXIMO MEA</display-name>


	<module id="WebModule_1077124923835">
		<web>
			<web-uri>meaweb.war</web-uri>
			<context-root>/meaweb</context-root>
		</web>
	</module>

	<module id="WebModule_maxrest">
		<web>
			<web-uri>maxrestweb.war</web-uri>
			<context-root>/maximo</context-root>
		</web>
	</module>
	<!-- List of EJB modules -->
	<module id="EjbModule_1077124925247">
		<ejb>mboejb.jar</ejb>
	</module>
	
	<!-- Security role used by the Application -->
	<security-role id="SecurityRole_1077125442431">
		<description>MAXIMO Application Users</description>
		<role-name>maximouser</role-name>
	</security-role>
</application>
